{
  "metadata": {
    "name": "LxHentai",
    "author": "JustaTama",
    "version": 3,
    "source": "https://lxhentai.org",
    "regexp": "(www.)?lxhentai.org/truyen/.*",
    "description": "Đọc truyện trên trang lxhentai.org<br><br>v3: Fix domain",
    "locale": "vi-VN",
    "language": "javascript",
    "type": "comic",
    "tag" : "nsfw"
  },
  "script": {
    "home": "home.js",
    "genre": "genre.js",
    "detail": "detail.js",
    "toc": "toc.js",
    "chap": "chap.js"
  }
}