{
  "metadata": {
    "name": "HamTruyen",
    "author": "JustaTama",
    "version": 1,
    "source": "https://hamtruyenmoi.com",
    "regexp": "(www.)?(m.)?hamtruyen(moi)?.(com|vn)/(truyen/)?[0-9a-z-]+.html",
    "description": "Đọc truyện trên trang hamtruyenmoi.com",
    "locale": "vi_VN",
    "language": "javascript",
	  "type": "comic,novel"
  },
  "script": {
    "home": "home.js",
    "detail": "detail.js",
    "search": "search.js",
    "toc": "toc.js",
    "chap": "chap.js"
  }
}