{
  "metadata": {
    "name": "123Truyện",
    "author": "JustaTama",
    "version": 1,
    "source": "https://123truyenvip.com",
    "regexp": "(www.)?123truyenvip.com/[0-9a-z-]+",
    "description": "Đọc truyện trên trang 123truyenvip.com",
    "locale": "vi_VN",
    "language": "javascript",
    "type": "novel"
  },
  "script": {
    "home": "home.js",
    "genre": "genre.js",
    "detail": "detail.js",
    "search": "search.js",
    "toc": "toc.js",
    "chap": "chap.js"
  }
}