{
  "metadata": {
    "name": "CManga",
    "author": "JustaTama",
    "version": 1,
    "source": "https://cmangad.com",
    "regexp": "(www.)?cmangad.com/[0-9a-z-]+",
    "description": "Đọc truyện trên trang cmangad.com <br><br> Site mã hoá nên load chậm hơn bình thường.",
    "locale": "vi_VN",
    "language": "javascript",
    "type": "comic"
  },
  "script": {
    "home": "home.js",
    "genre": "genre.js",
    "detail": "detail.js",
    "search": "search.js",
    "toc": "toc.js",
    "chap": "chap.js"
  }
}