{
  "metadata": {
    "name": "KhoTruyenTranh",
    "author": "JustaTama",
    "version": 1,
    "source": "https://khotruyentranhhot.com",
    "regexp": "(www.)?khotruyentranhhot.com/truyen/[0-9a-z-]+",
    "description": "Đọc truyện trên trang khotruyentranhhot.com",
    "locale": "vi_VN",
    "language": "javascript",
    "type": "comic"
  },
  "script": {
    "home": "home.js",
    "genre": "genre.js",
    "detail": "detail.js",
    "toc": "toc.js",
    "chap": "chap.js"
  }
}