{
  "metadata": {
    "name": "8ternal (comic)",
    "author": "JustaTama",
    "version": 1,
    "source": "https://comic.8ternal.com.vn",
    "regexp": "https://comic.8ternal.com.vn/series/(.*?)[.]html",
    "description": "Đọc truyện trên trang comic.8ternal.com.vn",
    "locale": "vi_VN",
    "language": "javascript",
    "type": "comic"
  },
  "script": {
    "home": "home.js",
    "genre": "genre.js",
    "detail": "detail.js",
    "search": "search.js",
    "toc": "toc.js",
    "chap": "chap.js"
  }
}