{
  "metadata": {
    "name": "TruyệnA",
    "author": "JustaTama",
    "version": 1,
    "source": "https://truyena.net",
    "regexp": "(www.)?truyena.net/[0-9a-z-]+.\\d+/?$",
    "description": "Đọc truyện trên trang truyena.net",
    "locale": "vi_VN",
    "language": "javascript",
    "type" : "novel"
  },
  "script": {
    "home": "home.js",
    "genre": "genre.js",
    "detail": "detail.js",
    "search": "search.js",
    "page": "page.js",
    "toc": "toc.js",
    "chap": "chap.js"
  }
}