{
  "metadata": {
    "name": "SayTruyện",
    "author": "JustaTama",
    "version": 1,
    "source": "https://saytruyen.tv",
    "regexp": "(www.)?saytruyen.(net|tv)/[^/]+.html$",
    "description": "Đọc truyện trên trang saytruyen.tv",
    "locale": "vi_VN",
    "language": "javascript",
	"type": "comic"
  },
  "script": {
    "home": "home.js",
    "genre": "genre.js",
    "detail": "detail.js",
    "search": "search.js",
    "toc": "toc.js",
    "chap": "chap.js"
  }
}