{
  "metadata": {
    "name": "Doujins",
    "author": "JustaTama",
    "version": 1,
    "source": "https://doujins.com",
    "regexp": "(www.)?doujins.com/.*/[0-9a-z-]+",
    "description": "Đọc truyện tại trang doujins.com",
    "local": "en_EN",
    "language": "javascript",
    "type": "comic",
    "tag" : "nsfw"
  },
  "script": {
    "home": "home.js",
    "detail": "detail.js",
    "genre": "genre.js",
    "search": "search.js",
    "toc": "toc.js",
    "chap": "chap.js"
  }
}