{
  "metadata": {
    "name": "zTruyen",
    "author": "JustaTama",
    "version": 2,
    "source": "https://ztruyen.vn",
    "regexp": "https://ztruyen.vn/truyen/[0-9a-z-]+/?$",
    "description": "zTruyen.vn - đọc truyện Online miễn phí Update nhanh nhất với đầy đủ các thể loại truyện hot, truyện hay và mới nhất như truyện ngôn tình, truyện đam mỹ, truyện sắc, truyện tiên hiệp, truyện kiếm hiệp, được cập nhật liên tục từ nhiều nguồn khác nhau. Hỗ trợ đọc truyện trên mọi thiết bị.",
    "locale": "vi-VN",
    "language": "javascript",
    "type": "novel"
  },
  "script": {
    "home": "home.js",
    "genre": "genre.js",
    "detail": "detail.js",
    "search": "search.js",
    "toc": "toc.js",
    "chap": "chap.js"
  }
}