{
  "metadata": {
    "name": "Truyện 3S",
    "author": "JustaTama",
    "version": 1,
    "source": "https://truyen3s.com",
    "regexp": "(www.)?truyen3s.com/doc-truyen/[0-9a-z-]+/?$",
    "description": "Nếu có lỗi bạn có thể liên hệ tới Email: mtama1204@yandex.com hoặc Discord",
    "local": "vi-VN",
    "language": "javascript",
    "type": "novel"
  },
  "script": {
    "home": "home.js",
    "genre": "genre.js",
    "detail": "detail.js",
    "search": "search.js",
    "toc": "toc.js",
    "chap": "chap.js"
  }
}