{
    "metadata": {
        "name": "SangTacViet",
        "author": "JustaTama",
        "version": 1,
        "source": "https://sangtacviet.pro",
        "regexp": "(www.)?sangtacviet.pro/truyen/([a-zA-Z0-9])+/\\d+/\\d+/?$",
        "description": "Đọc truyện trên trang sangtacviet.pro",
        "locale": "vi_VN",
        "language": "javascript",
        "type": "novel"
    },
    "script": {
        "home": "home.js",
        "genre": "genre.js",
        "search": "search.js",
        "detail": "detail.js",
        "toc": "toc.js",
        "chap": "chap.js"
    }
}