{
  "metadata": {
    "name": "Hentaidexy",
    "author": "JustaTama",
    "version": 1,
    "source": "https://hentaidexy.com",
    "regexp": "(www.)?hentaidexy.com/read/[0-9a-z-]+/?",
    "description": "Đọc truyện trên trang hentaidexy.com",
    "local": "en_EN",
    "language": "javascript",
    "type": "comic",
    "tag" : "nsfw"
  },
  "script": {
    "home": "home.js",
    "detail": "detail.js",
    "search": "search.js",
    "toc": "toc.js",
    "chap": "chap.js"
  }
}