{
  "metadata": {
    "name": "Giáng Thế",
    "author": "JustaTama",
    "version": 1,
    "source": "https://giangthe.com/",
    "regexp": "(www.)?giangthe.com/truyen/\\d+",
    "description": "Đọc truyện trên trang giangthe.com",
    "locale": "vi_VN",
    "language": "javascript",
    "type": "novel"
  },
  "script": {
    "home": "home.js",
    "genre": "genre.js",
    "detail": "detail.js",
    "search": "search.js",
    "toc": "toc.js",
    "chap": "chap.js"
  }
}