{
  "metadata": {
    "name": "230book 顶点小说",
    "author": "JustaTama",
    "version": 1,
    "source": "https://www.230book.net",
    "regexp": "(www.|m.)?((230book.net/book/\\d+/)|(230book.net/book/\\d+))",
    "description": "Đọc truyện trên trang www.230book.net",
    "locale": "zh-CN",
    "language": "javascript",
    "type": "chinese_novel"
  },
  "script": {
    "home": "home.js",
    "detail": "detail.js",
    "toc": "toc.js",
    "chap": "chap.js"
  }
}