{
  "metadata": {
    "name": "旧时光文学 (oldtimesxs)",
    "author": "JustaTama",
    "version": 2,
    "source": "https://www.oldtimesxs.cc/",
    "regexp": "(www.)?www.oldtimesxs.cc/go/\\d+/?",
    "description": "Đọc truyện trên trang www.oldtimesxs.cc <br><br> V2: Update domain, site cũ là lanrenyuhai",
    "locale": "zh_CN",
    "language": "javascript",
    "type": "chinese_novel"
  },
  "script": {
    "home": "home.js",
    "detail": "detail.js",
    "toc": "toc.js",
    "chap": "chap.js"
  }
}