{
  "metadata": {
    "name": "Truyện A",
    "author": "JustaTama",
    "version": 4,
    "source": "https://truyena.net",
    "regexp": "(www.)?truyena.net/[0-9a-z-]+.\\d+/?$",
    "description": "Nếu có lỗi bạn có thể liên hệ tới Email: mtama1204@yandex.com hoặc Discord",
    "locale": "vi-VN",
    "language": "javascript",
    "type" : "novel"
  },
  "script": {
    "home": "home.js",
    "genre": "genre.js",
    "detail": "detail.js",
    "search": "search.js",
    "page": "page.js",
    "toc": "toc.js",
    "chap": "chap.js"
  }
}