{
  "metadata": {
    "name": "Hố Truyện",
    "author": "JustaTama",
    "version": 2,
    "source": "https://hotruyen.com",
    "regexp": "(www.)?hotruyen.com/truyen/[^/+]+",
    "description": "Đọc truyện trên trang Hotruyen.net<br><br>Notes: Mở trang nguồn bypass Cloudfare rồi xem.",
    "local": "vi-VN",
    "language": "javascript",
    "type": "novel"
  },
  "script": {
    "home": "home.js",
    "detail": "detail.js",
    "search": "search.js",
    "toc": "toc.js",
    "chap": "chap.js"
  }
}