{
  "metadata": {
    "name": "Hetushu【和图书】",
    "author": "JustaTama",
    "version": 2,
    "source": "https://www.hetushu.com",
    "regexp": "(www.)?(m.)?hetushu.com/book/\\d+/index.html",
    "description": "Đọc truyện trên trang hetushu.com",
    "local": "zh_CN",
    "language": "javascript",
    "type": "chinese_novel"
  },
  "script": {
    "home": "home.js",
    "genre": "genre.js",
    "detail": "detail.js",
    "toc": "toc.js",
    "chap": "chap.js"
  }
}