{
  "metadata": {
    "name": "RoyalRoad",
    "author": "JustaTama",
    "version": 1,
    "source": "https://www.royalroad.com",
    "regexp": "(www.)?royalroad.com/fiction/(\\d+)/[A-Za-z-].+",
    "description": "Đọc truyện trên trang www.royalroad.com",
    "locale": "en_EN",
    "language": "javascript",
    "type": "novel"
  },
  "script": {
    "home": "home.js",
    "genre": "genre.js",
    "detail": "detail.js",
    "search": "search.js",
    "toc": "toc.js",
    "chap": "chap.js"
  }
}
