{
  "metadata": {
    "name": "GetTruyen",
    "author": "JustaTama",
    "version": 1,
    "source": "https://gettruyen.com",
    "regexp": "(www.)?((gettruyen.com/[^/+]+/)|(gettruyen.com/[^/+]+))",
    "description": "Đọc truyện trên trang gettruyen.com",
    "locale": "vi_VN",
    "language": "javascript",
    "type": "novel"
  },
  "script": {
    "home": "home.js",
    "genre": "genre.js",
    "detail": "detail.js",
    "search": "search.js",
    "toc": "toc.js",
    "chap": "chap.js"
  }
}