{
  "metadata": {
    "name": "Tiên Vực",
    "author": "JustaTama",
    "version": 1,
    "source": "https://truyentienvuc.com",
    "regexp": "(www.)?truyentienvuc.com/[0-9a-z-]+/?$",
    "description": "Đọc truyện trên trang truyentienvuc.com",
    "locale": "vi_VN",
    "language": "javascript",
    "type": "novel"
  },
  "script": {
    "home": "home.js",
    "genre": "genre.js",
    "detail": "detail.js",
    "search": "search.js",
    "toc": "toc.js",
    "chap": "chap.js"
  }
}