{
  "metadata": {
    "name": "docsach24",
    "author": "JustaTama",
    "version": 1,
    "source": "https://docsach24.co",
    "regexp": "https://docsach24.co/e-book/(.*?).html",
    "description": "Đọc sách trên trang docsach24.co",
    "locale": "vi_VN",
    "language": "javascript",
    "type": "novel"
  },
  "script": {
    "home": "home.js",
    "genre": "genre.js",
    "detail": "detail.js",
    "search": "search.js",
    "toc": "toc.js",
    "chap": "chap.js"
  }
}