{
  "metadata": {
    "name": "LustAveland",
    "author": "JustaTama",
    "version": 1,
    "source": "https://luvevaland.co",
    "regexp": "(www.)?(lustaveland.com|luvevaland.co)/(truyen|truyen-tranh|tieu-thuyet)/[^/]+/?$",
    "description": "Đọc truyện trên trang luvevaland.co <br><br> Nhập password 01050106 để đọc được truyện",
    "locale": "vi_VN",
    "language": "javascript",
    "type": "comic,novel"
  },
  "script": {
    "home": "home.js",
    "detail": "detail.js",
    "search": "search.js",
    "toc": "toc.js",
    "chap": "chap.js"
  }
}