{
  "metadata": {
    "name": "STTruyện",
    "author": "JustaTama",
    "version": 1,
    "source": "https://sttruyen.com",
    "regexp": "(www.)?sttruyen.com/story/[0-9a-z-]+/?$",
    "description": "Đọc truyện trên trang sttruyen.com",
    "locale": "vi_VN",
    "language": "javascript",
    "type": "novel"
  },
  "script": {
    "home": "home.js",
    "genre": "genre.js",
    "detail": "detail.js",
    "search": "search.js",
    "page": "page.js",
    "toc": "toc.js",
    "chap": "chap.js"
  }
}