{
  "metadata": {
    "name": "YuShuBo【御书网】",
    "author": "JustaTama",
    "version": 4,
    "source": "https://www.yushubo.net/",
    "regexp": "(www.)?(m.)?yushubo.net/book_\\d+.html",
    "description": "Đọc truyện trên trang yushubo.net<br><br>V2: Fix load chương thiếu",
    "locale": "zh-CN",
    "language": "javascript",
    "type": "chinese_novel"
  },
  "script": {
    "home": "home.js",
    "detail": "detail.js",
    "toc": "toc.js",
    "chap": "chap.js"
  }
}