{
  "metadata": {
    "name": "Truyện Gì Hot",
    "author": "JustaTama",
    "version": 4,
    "source": "https://truyengihay.net",
    "regexp": "(www.)?truyengihay.net/[0-9a-z-]+.html",
    "description": "Đọc truyện tranh thôi nhé!",
    "locale": "vi-VN",
    "language": "javascript",
    "type": "comic",
    "tag": "nsfw"
  },
  "script": {
    "home": "home.js",
    "genre": "genre.js",
    "detail": "detail.js",
    "search": "search.js",
    "toc": "toc.js",
    "chap": "chap.js"
  }
}