{
  "metadata": {
    "name": "Manga Forest",
    "author": "JustaTama",
    "version": 8,
    "source": "https://mangaforest.com",
    "regexp": "(www.)?mangaforest.com/[0-9a-z-]+/?$",
    "description": "Là Mangabuddy cũ, còn đây là tên miền mới.",
    "locale": "en-EN",
    "language": "javascript",
    "type": "comic",
    "tag" : "nsfw"
  },
  "script": {
    "home": "home.js",
    "genre": "genre.js",
    "detail": "detail.js",
    "search": "search.js",
    "toc": "toc.js",
    "chap": "chap.js"
  }
}