{
  "metadata": {
    "name": "Zing Truyện",
    "author": "JustaTama",
    "version": 2,
    "source": "https://zingtruyen.net",
    "regexp": "(www.)?zingtruyen.net/story/[0-9a-z-]+/\\d+.html",
    "description": "Đọc truyện trên trang Zingtruyen.net",
    "local": "vi-VN",
    "language": "javascript",
    "type": "novel"
  },
  "script": {
    "home": "home.js",
    "genre": "genre.js",
    "detail": "detail.js",
    "search": "search.js",
    "toc": "toc.js",
    "chap": "chap.js"
  }
}