{
  "metadata": {
    "name": "Chivi",
    "author": "JustaTama",
    "version": 1,
    "source": "https://chivi.app",
    "regexp": "(www.)?chivi.(xyz|app)/[^/+]+/?$",
    "description": "Đọc truyện trên trang Chivi",
    "locale": "vi_VN",
    "language": "javascript",
    "type": "novel"
  },
  "script": {
    "home": "home.js",
    "detail": "detail.js",
    "search": "search.js",
    "genre": "genre.js",
    "page": "page.js",
    "toc": "toc.js",
    "chap": "chap.js"
  }
}