{
    "metadata": {
        "name": "Bạch Ngọc Sách",
        "author": "JustaTama",
        "version": 1,
        "source": "https://bachngocsach.com/reader",
        "regexp": "bachngocsach.com/reader/[^/]+/?$",
        "description": "Đọc truyện trên trang bachngocsach.com",
        "locale": "vi_VN",
        "type": "novel",
        "language": "javascript"
    },
    "script": {
        "home": "home.js",
        "genre": "genre.js",
        "search": "search.js",
        "detail": "detail.js",
        "toc": "toc.js",
        "chap": "chap.js"
    }
}