{
  "metadata": {
    "name": "MangaForest",
    "author": "JustaTama",
    "version": 2,
    "source": "https://mangaforest.com",
    "regexp": "(www.)?mangaforest.com/[0-9a-z-]+/?$",
    "description": "Đọc truyện trên trang mangaforest.com <br><br> V2: Fix domain, website cũ là MangaBuddy",
    "locale": "en_EN",
    "language": "javascript",
    "type": "comic"
  },
  "script": {
    "home": "home.js",
    "genre": "genre.js",
    "detail": "detail.js",
    "search": "search.js",
    "toc": "toc.js",
    "chap": "chap.js"
  }
}