{
  "metadata": {
    "name": "PTWXC 【飄天文學】",
    "author": "JustaTama",
    "version": 1,
    "source": "https://www.ptwxc.com",
    "regexp": "(www.)?(m.)?ptwxc.com/\\d+/?$",
    "description": "Nếu có lỗi bạn có thể liên hệ tới Email: mtama1204@yandex.com hoặc Discord",
    "local": "cn-CN",
    "language": "javascript",
    "type": "chinese_novel"
  },
  "script": {
    "home": "home.js",
    "genre": "genre.js",
    "detail": "detail.js",
    "toc": "toc.js",
    "chap": "chap.js"
  }
}