{
  "metadata": {
    "name": "【VIP】Bạch Ngọc Sách",
    "author": "JustaTama",
    "version": 8,
    "source": "https://bachngocsach.vip",
    "regexp": "(www.)?bachngocsach.vip/truyen/[0-9a-z-]+/\\d+.html",
    "description": "Đọc truyện trên trang bachngocsach.vip<br><br>V8: Fix lỗi lấy chương",
    "local": "vi_VN",
    "language": "javascript",
    "type": "novel"
  },
  "script": {
    "home": "home.js",
    "genre": "genre.js",
    "detail": "detail.js",
    "search": "search.js",
    "page": "page.js",
    "toc": "toc.js",
    "chap": "chap.js"
  }
}