{
  "metadata": {
    "name": "漫画大全 (manhuagui)",
    "author": "JustaTama",
    "version": 1,
    "source": "https://www.manhuagui.com",
    "regexp": "(www.)?(m.)?(manhuagui||mhgui).com/comic/\\d+/?",
    "description": "Đọc truyện trên trang www.manhuagui.com",
    "locale": "zh_CN",
    "language": "javascript",
    "type": "comic"
  },
  "script": {
    "home": "home.js",
    "genre": "genre.js",
    "detail": "detail.js",
    "search": "search.js",
    "toc": "toc.js",
    "chap": "chap.js"
  }
}