{
  "metadata": {
    "name": "TruyenCV",
    "author": "JustaTama",
    "version": 1,
    "source": "https://m.truyencv.vn/",
    "regexp": "https://m.truyencv.vn/truyen/[0-9a-z-]+/?$",
    "description": "Đọc truyện trên trang m.truyencv.vn",
    "locale": "vi_VN",
    "language": "javascript",
    "type": "novel"
  },
  "script": {
    "home": "home.js",
    "genre": "genre.js",
    "detail": "detail.js",
    "search": "search.js",
    "toc": "toc.js",
    "chap": "chap.js"
  }
}