{
  "metadata": {
    "name": "HiTruyen",
    "author": "JustaTama",
    "version": 1,
    "source": "https://hitruyen.vip",
    "regexp": "https://hitruyen.vip/truyen-tranh/[0-9a-z-]+/?$",
    "description": "Đọc truyện trên trang hitruyen.vip",
    "locale": "vi_VN",
    "language": "javascript",
    "type": "comic"
  },
  "script": {
    "home": "home.js",
    "genre": "genre.js",
    "detail": "detail.js",
    "search": "search.js",
    "toc": "toc.js",
    "chap": "chap.js"
  }
}