{
  "metadata": {
    "name": "Truyện Tiki",
    "author": "JustaTama",
    "version": 3,
    "source": "https://truyentiki.com",
    "regexp": "(www.)?((truyentiki.com/[^/+]+/)|(truyentiki.com/[^/+]+))",
    "description": "Đọc truyện trên trang Truyentiki.com",
    "local": "vi-VN",
    "language": "javascript",
    "type" : "novel"
  },
  "script": {
    "home": "home.js",
    "genre": "genre.js",
    "detail": "detail.js",
    "search": "search.js",
    "toc": "toc.js",
    "chap": "chap.js"
  }
}