{
  "metadata": {
    "name": "2kxs",
    "author": "JustaTama",
    "version": 2,
    "source": "https://k.2kxs.org/",
    "regexp": "https://k.2kxs.org/\\d+_\\d+/",
    "description": "Đọc truyện tại trang k.2kxs.org<br><br>v2: Fix linh tinh",
    "locale": "zh_CN",
    "language": "javascript",
    "type": "chinese_novel"
  },
  "script": {
    "home": "home.js",
    "genre": "genre.js",
    "detail": "detail.js",
    "search": "search.js",
    "toc":"toc.js",
    "chap": "chap.js"
  }
}