{
  "metadata": {
    "name": "Truyện Mới",
    "author": "JustaTama",
    "version": 1,
    "source": "https://truyenmoii.net",
    "regexp": "(www.)?truyenmoii.net/[0-9a-z-]+",
    "description": "truyenmoii.net. Đọc truyện online miễn phí,đọc truyện mới,đọc truyện hay,truyện full, được cập nhật đầy đủ và nhanh nhất..",
    "locale": "vi_VN",
    "language": "javascript",
    "type": "novel"
  },
  "script": {
    "home": "home.js",
    "genre": "genre.js",
    "detail": "detail.js",
    "search": "search.js",
    "toc": "toc.js",
    "chap": "chap.js"
  }
}
